データ日付,終値,始値,高値,安値
"2023/01/04","20.19","20.16","20.48","20.01"
"2023/01/05","18.93","19.30","19.39","18.78"
"2023/01/06","18.21","18.47","18.49","17.92"
"2023/01/10","18.28","18.37","18.64","18.13"
"2023/01/11","17.95","17.83","18.02","17.33"
"2023/01/12","18.80","18.21","18.92","18.00"
"2023/01/13","18.58","18.08","18.80","17.41"
"2023/01/16","19.77","19.31","19.95","19.14"
"2023/01/17","19.15","19.61","19.69","18.88"
"2023/01/18","17.54","19.91","21.42","17.39"
"2023/01/19","17.91","17.73","18.18","17.50"
"2023/01/20","17.37","18.05","18.08","17.35"
"2023/01/23","17.53","17.27","17.62","17.27"
"2023/01/24","17.69","17.60","18.01","17.51"
"2023/01/25","17.51","17.60","17.63","17.33"
"2023/01/26","17.29","17.59","17.73","17.19"
"2023/01/27","17.00","17.37","17.41","16.95"
"2023/01/30","16.97","17.54","17.56","16.85"
"2023/01/31","17.14","17.23","17.27","16.76"
"2023/02/01","17.55","16.96","17.78","16.94"
"2023/02/02","16.46","16.56","16.85","16.30"
"2023/02/03","16.29","16.37","16.55","16.09"
"2023/02/06","16.58","16.48","16.73","16.10"
"2023/02/07","16.56","16.51","16.60","16.20"
"2023/02/08","15.92","16.29","16.47","15.78"
"2023/02/09","16.04","16.45","16.62","15.90"
"2023/02/10","16.22","16.14","16.63","15.90"
"2023/02/13","16.51","17.09","17.39","16.51"
"2023/02/14","16.01","16.16","16.31","15.76"
"2023/02/15","15.14","15.25","15.55","15.08"
"2023/02/16","14.71","14.88","15.11","14.63"
"2023/02/17","15.40","15.42","15.44","14.86"
"2023/02/20","15.67","15.87","15.97","15.57"
"2023/02/21","16.32","16.00","16.51","15.82"
"2023/02/22","17.50","17.00","18.11","16.87"
"2023/02/24","16.59","17.33","17.40","16.32"
"2023/02/27","16.74","17.30","17.35","16.69"
"2023/02/28","16.40","16.34","16.55","16.18"
"2023/03/01","15.78","16.19","16.22","15.77"
"2023/03/02","15.89","15.81","16.24","15.62"
"2023/03/03","16.19","15.85","16.42","15.61"
"2023/03/06","16.60","15.86","16.67","15.76"
"2023/03/07","16.53","16.42","16.76","16.22"
"2023/03/08","17.32","16.93","17.32","16.80"
"2023/03/09","17.94","17.81","18.17","17.64"
"2023/03/10","17.89","18.38","19.22","16.77"
"2023/03/13","18.61","18.18","19.60","18.18"
"2023/03/14","21.52","21.47","22.15","20.98"
"2023/03/15","19.42","19.55","20.21","19.09"
"2023/03/16","21.57","23.10","23.29","21.40"
"2023/03/17","19.45","20.08","20.30","19.23"
"2023/03/20","22.80","21.17","22.82","20.33"
"2023/03/22","20.48","20.42","20.87","20.16"
"2023/03/23","19.61","20.46","20.49","19.33"
"2023/03/24","19.08","19.43","20.08","19.08"
"2023/03/27","19.01","19.63","19.87","19.01"
"2023/03/28","18.08","18.35","18.56","18.08"
"2023/03/29","17.38","17.83","17.87","17.04"
"2023/03/30","16.79","17.08","17.42","16.79"
"2023/03/31","16.66","16.74","16.89","16.40"
"2023/04/03","17.08","17.08","17.30","16.88"
"2023/04/04","16.55","16.75","16.86","16.44"
"2023/04/05","17.62","16.80","17.91","16.68"
"2023/04/06","17.72","17.68","18.35","17.46"
"2023/04/07","17.30","17.50","17.62","17.16"
"2023/04/10","17.14","17.18","17.32","16.85"
"2023/04/11","16.90","16.68","16.98","16.24"
"2023/04/12","16.77","16.92","16.95","16.68"
"2023/04/13","16.49","17.01","17.01","16.36"
"2023/04/14","16.60","16.74","16.79","16.41"
"2023/04/17","16.36","16.89","16.99","16.30"
"2023/04/18","16.10","16.19","16.19","15.90"
"2023/04/19","16.04","16.15","16.25","15.97"
"2023/04/20","16.19","16.35","16.41","15.83"
"2023/04/21","16.10","16.32","16.32","15.95"
"2023/04/24","16.32","16.55","16.66","16.19"
"2023/04/25","16.27","15.90","16.30","15.84"
"2023/04/26","16.82","16.95","17.13","16.55"
"2023/04/27","16.42","16.99","17.10","16.38"
"2023/04/28","15.22","16.27","16.79","15.11"
"2023/05/01","15.62","15.56","15.78","15.20"
"2023/05/02","15.81","15.84","16.02","15.62"
"2023/05/08","16.20","16.09","16.35","15.94"
"2023/05/09","15.77","15.85","15.85","15.41"
"2023/05/10","16.09","15.82","16.22","15.82"
"2023/05/11","15.62","15.61","15.82","15.28"
"2023/05/12","15.78","15.52","16.13","15.37"
"2023/05/15","16.09","16.22","16.29","15.89"
"2023/05/16","17.24","16.52","17.31","16.43"
"2023/05/17","17.78","17.26","17.98","17.26"
"2023/05/18","20.47","18.75","20.52","18.59"
"2023/05/19","20.07","22.42","22.48","20.05"
"2023/05/22","18.98","19.66","19.76","18.61"
"2023/05/23","19.71","19.62","19.90","18.74"
"2023/05/24","19.00","19.21","19.21","18.62"
"2023/05/25","18.49","19.00","19.05","18.47"
"2023/05/26","19.33","18.90","19.56","18.42"
"2023/05/29","20.21","21.69","21.72","20.21"
"2023/05/30","19.91","19.59","19.92","19.49"
"2023/05/31","20.00","19.62","20.64","19.59"
"2023/06/01","19.63","19.74","20.02","19.53"
"2023/06/02","20.06","19.84","20.18","19.70"
"2023/06/05","21.81","21.29","21.97","21.01"
"2023/06/06","21.15","21.35","22.03","21.03"
"2023/06/07","21.98","21.73","22.38","20.91"
"2023/06/08","23.16","22.67","23.45","21.30"
"2023/06/09","21.59","22.24","23.11","21.34"
"2023/06/12","20.55","21.30","21.44","20.53"
"2023/06/13","21.41","20.16","21.59","20.08"
"2023/06/14","21.99","21.83","22.43","21.25"
"2023/06/15","22.32","21.61","23.08","21.49"
"2023/06/16","20.74","21.89","22.36","20.56"
"2023/06/19","20.53","20.87","21.12","20.35"
"2023/06/20","20.09","20.34","20.51","19.97"
"2023/06/21","20.23","19.88","20.23","19.58"
"2023/06/22","20.24","19.89","20.67","19.53"
"2023/06/23","21.11","19.93","21.47","19.63"
"2023/06/26","20.98","21.36","22.22","20.76"
"2023/06/27","20.00","20.72","20.72","19.96"
"2023/06/28","20.19","19.92","20.30","19.70"
"2023/06/29","19.70","19.81","20.07","19.59"
"2023/06/30","19.11","19.64","19.68","19.10"
"2023/07/03","19.57","19.49","19.87","19.46"
"2023/07/04","19.27","19.23","19.35","18.98"
"2023/07/05","18.80","19.14","19.54","18.79"
"2023/07/06","19.21","19.49","19.72","18.86"
"2023/07/07","20.26","19.85","20.54","19.64"
"2023/07/10","21.13","20.55","21.57","20.20"
"2023/07/11","20.66","20.32","20.99","20.17"
"2023/07/12","21.52","20.39","22.16","20.25"
"2023/07/13","20.23","20.44","20.94","20.06"
"2023/07/14","20.49","20.02","21.12","19.73"
"2023/07/18","20.37","20.17","20.61","19.76"
"2023/07/19","19.82","20.19","20.31","19.44"
"2023/07/20","20.01","19.89","20.12","19.76"
"2023/07/21","19.81","19.91","20.32","19.71"
"2023/07/24","19.86","20.24","20.31","19.70"
"2023/07/25","19.21","19.68","19.81","19.12"
"2023/07/26","18.83","19.23","19.31","18.74"
"2023/07/27","18.82","18.98","19.21","18.57"
"2023/07/28","18.59","19.97","20.32","18.59"
"2023/07/31","18.32","18.67","18.75","18.19"
"2023/08/01","18.03","18.12","18.15","17.41"
"2023/08/02","19.51","18.30","19.68","18.28"
"2023/08/03","20.66","20.50","20.87","20.01"
"2023/08/04","20.86","21.31","21.42","20.16"
"2023/08/07","20.37","21.40","21.70","20.34"
"2023/08/08","20.13","20.01","20.47","19.63"
"2023/08/09","20.03","20.11","20.41","19.67"
"2023/08/10","19.23","20.03","20.10","19.20"
"2023/08/14","19.70","18.80","20.30","18.48"
"2023/08/15","18.85","18.95","19.20","18.65"
"2023/08/16","19.97","19.71","20.15","19.28"
"2023/08/17","19.56","19.74","20.57","19.42"
"2023/08/18","19.52","20.31","20.45","19.21"
"2023/08/21","19.94","19.71","20.06","19.39"
"2023/08/22","18.86","19.23","19.36","18.80"
"2023/08/23","18.39","18.99","18.99","18.18"
"2023/08/24","17.89","18.12","18.12","17.70"
"2023/08/25","18.88","18.83","19.01","18.17"
"2023/08/28","18.39","18.46","18.61","18.12"
"2023/08/29","18.00","17.82","18.05","17.71"
"2023/08/30","17.74","17.67","17.96","17.55"
"2023/08/31","16.89","17.31","17.32","16.74"
"2023/09/01","16.86","16.94","16.98","16.55"
"2023/09/04","17.14","16.87","17.28","16.69"
"2023/09/05","17.56","17.50","17.84","17.35"
"2023/09/06","17.14","18.08","18.10","16.73"
"2023/09/07","17.89","18.09","18.46","17.31"
"2023/09/08","17.24","17.98","18.85","17.18"
"2023/09/11","16.90","17.08","17.67","16.90"
"2023/09/12","16.23","16.38","16.47","16.10"
"2023/09/13","16.48","16.16","16.58","16.02"
"2023/09/14","16.07","16.05","16.30","15.78"
"2023/09/15","15.99","15.93","16.57","15.80"
"2023/09/19","16.92","16.80","17.09","16.76"
"2023/09/20","17.26","17.03","17.43","17.03"
"2023/09/21","18.25","17.72","18.44","17.26"
"2023/09/22","17.83","19.32","19.47","17.58"
"2023/09/25","17.61","17.68","18.10","17.48"
"2023/09/26","18.22","17.33","18.31","17.32"
"2023/09/27","18.12","18.95","19.07","18.04"
"2023/09/28","18.81","18.13","19.49","17.99"
"2023/09/29","18.40","18.45","19.05","18.28"
"2023/10/02","18.88","18.20","19.28","18.13"
"2023/10/03","20.30","19.62","20.50","19.60"
"2023/10/04","22.76","22.19","22.76","21.33"
"2023/10/05","20.84","21.15","21.44","20.68"
"2023/10/06","20.47","20.59","21.08","20.32"
"2023/10/10","21.09","20.88","21.46","20.54"
"2023/10/11","20.67","20.68","20.89","20.20"
"2023/10/12","20.68","20.38","20.87","20.01"
"2023/10/13","20.97","20.50","21.23","20.30"
"2023/10/16","21.90","21.46","22.29","21.10"
"2023/10/17","21.15","20.97","21.38","20.82"
"2023/10/18","21.00","21.09","21.57","20.87"
"2023/10/19","22.47","22.40","22.62","21.93"
"2023/10/20","23.20","22.77","23.26","22.33"
"2023/10/23","23.52","23.42","23.87","23.30"
"2023/10/24","22.55","22.56","24.14","22.50"
"2023/10/25","22.11","21.85","22.21","21.62"
"2023/10/26","23.99","23.09","24.13","23.05"
"2023/10/27","22.59","23.06","23.11","22.18"
"2023/10/30","23.71","23.82","24.02","23.44"
"2023/10/31","22.03","23.29","23.43","21.79"
"2023/11/01","20.94","21.12","21.20","20.83"
"2023/11/02","20.01","20.10","20.23","19.79"
"2023/11/06","20.16","20.15","20.43","19.62"
"2023/11/07","19.94","19.83","20.08","19.61"
"2023/11/08","20.03","19.51","20.24","19.33"
"2023/11/09","19.47","19.61","20.10","19.17"
"2023/11/10","20.00","20.11","20.64","19.96"
"2023/11/13","19.54","18.78","19.83","18.76"
"2023/11/14","18.71","18.28","19.07","18.22"
"2023/11/15","18.57","18.37","18.57","18.11"
"2023/11/16","18.75","18.35","19.08","18.09"
"2023/11/17","18.28","18.48","18.71","17.99"
"2023/11/20","18.58","17.97","18.80","17.96"
"2023/11/21","17.87","17.34","18.41","17.17"
"2023/11/22","17.37","17.24","17.64","17.06"
"2023/11/24","16.87","17.31","17.32","16.76"
"2023/11/27","17.36","16.28","17.44","16.12"
"2023/11/28","16.13","16.25","17.36","16.13"
"2023/11/29","17.05","17.07","17.24","16.84"
"2023/11/30","16.57","16.12","17.01","16.12"
"2023/12/01","16.28","16.35","16.72","16.16"
"2023/12/04","17.06","16.79","17.53","16.79"
"2023/12/05","17.77","17.25","17.92","17.20"
"2023/12/06","18.22","17.98","18.32","16.34"
"2023/12/07","18.38","17.73","18.82","17.70"
"2023/12/08","19.72","18.77","20.11","18.40"
"2023/12/11","18.21","18.38","18.64","18.21"
"2023/12/12","18.09","17.50","18.43","17.44"
"2023/12/13","17.28","17.41","17.58","17.15"
"2023/12/14","18.01","16.98","18.38","16.91"
"2023/12/15","17.34","17.69","17.71","17.12"
"2023/12/18","18.51","18.27","18.90","18.27"
"2023/12/19","17.08","18.46","18.80","16.93"
"2023/12/20","16.71","17.12","17.25","16.61"
"2023/12/21","17.24","16.94","17.82","16.86"
"2023/12/22","16.81","16.48","16.93","16.48"
"2023/12/25","17.10","17.20","17.54","16.91"
"2023/12/26","16.77","17.11","17.26","16.71"
"2023/12/27","16.90","16.22","17.17","16.22"
"2023/12/28","17.10","16.91","17.10","16.76"
"2023/12/29","17.46","16.62","17.59","16.52"
"2024/01/04","18.69","18.79","19.19","18.44"
"2024/01/05","18.46","18.29","18.67","18.26"
"2024/01/09","19.20","18.93","19.39","18.92"
"2024/01/10","19.62","19.28","19.67","19.19"
"2024/01/11","21.08","19.87","21.08","19.73"
"2024/01/12","22.40","21.07","22.67","21.06"
"2024/01/15","22.47","22.25","23.02","21.74"
"2024/01/16","21.20","21.54","21.94","20.97"
"2024/01/17","20.66","20.61","21.63","20.40"
"2024/01/18","20.45","20.38","20.82","20.23"
"2024/01/19","20.67","21.29","21.29","20.62"
"2024/01/22","21.90","21.58","21.90","21.29"
"2024/01/23","21.06","20.96","21.74","20.54"
"2024/01/24","19.72","19.41","19.92","19.09"
"2024/01/25","19.33","18.82","19.70","18.69"
"2024/01/26","19.64","18.25","19.75","18.13"
"2024/01/29","19.81","19.25","19.88","19.22"
"2024/01/30","18.84","19.25","19.41","18.74"
"2024/01/31","18.96","18.71","19.07","18.22"
"2024/02/01","18.77","18.00","19.29","17.96"
"2024/02/02","19.39","18.15","19.49","18.00"
"2024/02/05","19.97","19.46","20.45","19.44"
"2024/02/06","19.68","19.15","20.14","19.09"
"2024/02/07","19.39","19.97","20.11","19.39"
"2024/02/08","19.80","18.95","20.20","18.95"
"2024/02/09","19.25","20.12","20.24","19.18"
"2024/02/13","19.48","19.54","20.37","19.28"
"2024/02/14","19.48","19.64","20.41","19.41"
"2024/02/15","19.58","19.53","20.52","19.40"
"2024/02/16","21.60","20.70","21.98","20.63"
"2024/02/19","19.88","21.39","21.57","19.37"
"2024/02/20","19.45","19.19","20.63","19.01"
"2024/02/21","20.55","19.46","20.78","19.30"
"2024/02/22","19.56","19.20","20.68","19.05"
"2024/02/26","21.41","22.01","22.06","21.25"
"2024/02/27","20.40","19.31","20.76","18.78"
"2024/02/28","19.22","18.54","19.70","18.36"
"2024/02/29","19.23","19.23","19.49","19.01"
"2024/03/01","20.74","19.04","20.79","19.02"
"2024/03/04","20.98","20.51","21.41","20.45"
"2024/03/05","20.38","19.88","20.72","19.78"
"2024/03/06","20.87","19.85","21.76","19.57"
"2024/03/07","21.65","21.05","22.33","20.71"
"2024/03/08","21.95","21.69","21.95","20.50"
"2024/03/11","21.96","21.81","22.44","21.37"
"2024/03/12","21.52","22.46","22.53","21.35"
"2024/03/13","21.36","20.88","21.83","20.81"
"2024/03/14","20.57","21.13","21.65","20.47"
"2024/03/15","20.33","20.90","20.99","20.21"
"2024/03/18","20.23","20.77","21.06","19.90"
"2024/03/19","19.50","19.86","19.99","19.26"
"2024/03/21","18.83","19.13","19.40","18.76"
"2024/03/22","18.50","18.55","18.57","18.14"
"2024/03/25","19.07","18.62","19.07","18.35"
"2024/03/26","18.72","18.72","18.89","18.54"
"2024/03/27","19.28","18.36","19.31","18.27"
"2024/03/28","19.06","18.39","19.18","18.12"
"2024/03/29","18.57","18.80","18.98","18.50"
"2024/04/01","19.65","18.33","20.15","18.28"
"2024/04/02","19.15","19.45","19.57","18.97"
"2024/04/03","20.12","19.75","20.37","19.44"
"2024/04/04","19.54","18.80","19.83","18.73"
"2024/04/05","21.48","21.46","22.08","20.87"
"2024/04/08","21.24","21.31","21.56","20.60"
"2024/04/09","20.12","20.05","20.22","19.95"
"2024/04/10","20.47","20.48","20.72","20.35"
"2024/04/11","20.73","20.85","20.92","20.35"
"2024/04/12","19.97","20.05","20.37","19.92"
"2024/04/15","20.80","21.37","21.45","20.69"
"2024/04/16","22.09","21.29","22.18","21.18"
"2024/04/17","22.77","20.78","22.97","20.63"
"2024/04/18","21.49","22.51","22.69","21.31"
"2024/04/19","24.43","22.17","27.82","22.12"
"2024/04/22","21.68","23.24","23.53","21.52"
"2024/04/23","20.72","20.67","21.03","20.29"
"2024/04/24","20.01","19.87","20.26","19.57"
"2024/04/25","21.46","20.56","21.75","20.23"
"2024/04/26","20.82","21.24","21.65","20.15"
"2024/04/30","20.47","20.45","20.89","20.17"
"2024/05/01","20.66","20.83","20.94","20.49"
"2024/05/02","19.91","20.49","20.53","19.80"
"2024/05/07","19.20","19.40","19.78","19.19"
"2024/05/08","20.75","19.21","20.75","19.14"
"2024/05/09","19.88","19.46","19.96","17.93"
"2024/05/10","18.53","18.19","19.29","18.12"
"2024/05/13","18.49","18.54","19.02","18.49"
"2024/05/14","18.23","18.34","18.54","18.17"
"2024/05/15","18.45","18.21","18.56","18.06"
"2024/05/16","17.39","17.46","17.80","16.90"
"2024/05/17","16.79","17.27","17.38","16.79"
"2024/05/20","17.22","17.25","17.70","16.96"
"2024/05/21","17.11","17.24","17.46","16.87"
"2024/05/22","17.11","16.98","17.20","16.62"
"2024/05/23","16.25","16.91","16.91","16.24"
"2024/05/24","16.96","17.32","17.40","16.67"
"2024/05/27","16.78","16.89","17.07","16.60"
"2024/05/28","16.23","16.43","16.57","16.17"
"2024/05/29","16.80","15.99","16.82","15.85"
"2024/05/30","17.62","17.46","18.47","17.28"
"2024/05/31","16.84","17.17","17.35","16.57"
"2024/06/03","17.02","16.72","17.56","16.63"
"2024/06/04","17.15","17.30","17.47","16.99"
"2024/06/05","17.77","17.45","18.01","17.34"
"2024/06/06","17.74","17.62","17.79","17.36"
"2024/06/07","17.77","17.73","17.83","17.22"
"2024/06/10","17.98","17.92","18.27","17.80"
"2024/06/11","17.58","17.73","18.21","17.46"
"2024/06/12","17.61","17.85","17.88","17.54"
"2024/06/13","17.15","16.81","17.53","16.75"
"2024/06/14","16.29","17.47","17.51","16.12"
"2024/06/17","18.35","17.58","18.58","17.58"
"2024/06/18","17.11","17.36","17.36","16.98"
"2024/06/19","16.85","16.63","17.01","16.50"
"2024/06/20","16.72","16.94","17.44","16.57"
"2024/06/21","16.33","16.54","16.70","16.21"
"2024/06/24","17.00","17.01","17.40","16.77"
"2024/06/25","16.74","16.66","16.83","16.54"
"2024/06/26","16.68","16.87","17.29","16.65"
"2024/06/27","16.18","16.69","16.77","16.06"
"2024/06/28","16.13","16.28","16.40","16.02"
"2024/07/01","16.04","16.22","16.43","15.89"
"2024/07/02","16.05","16.05","16.29","15.72"
"2024/07/03","16.47","16.17","16.75","16.13"
"2024/07/04","16.84","16.95","17.16","16.75"
"2024/07/05","16.76","16.97","17.10","16.70"
"2024/07/08","17.44","17.08","17.49","17.06"
"2024/07/09","17.47","16.94","17.66","16.88"
"2024/07/10","17.79","17.43","17.84","17.32"
"2024/07/11","18.12","18.51","18.63","17.77"
"2024/07/12","18.37","17.85","18.58","17.67"
"2024/07/16","17.91","18.17","18.58","17.89"
"2024/07/17","18.00","17.79","18.08","17.51"
"2024/07/18","18.85","19.43","19.46","18.26"
"2024/07/19","19.53","19.55","19.95","19.00"
"2024/07/22","20.60","19.67","20.66","19.67"
"2024/07/23","19.06","19.08","19.51","18.71"
"2024/07/24","19.01","19.16","19.32","18.37"
"2024/07/25","22.02","21.74","22.57","20.69"
"2024/07/26","22.20","22.49","23.08","21.42"
"2024/07/29","21.43","21.39","21.62","20.67"
"2024/07/30","21.77","21.35","22.28","21.34"
"2024/07/31","21.39","21.77","22.05","19.75"
"2024/08/01","21.82","20.47","23.12","20.47"
"2024/08/02","29.44","26.56","30.77","26.32"
"2024/08/05","70.69","42.39","85.38","40.13"
"2024/08/06","51.19","70.69","70.69","36.38"
"2024/08/07","45.02","56.63","57.15","43.47"
"2024/08/08","46.62","49.09","50.04","31.68"
"2024/08/09","45.28","39.23","48.53","37.60"
"2024/08/13","35.20","37.42","37.42","26.69"
"2024/08/14","31.32","30.62","34.26","29.97"
"2024/08/15","27.25","27.72","27.86","24.57"
"2024/08/16","26.54","25.50","27.75","25.10"
"2024/08/19","29.52","26.78","31.05","26.56"
"2024/08/20","27.61","27.35","29.34","27.27"
"2024/08/21","27.05","29.34","30.16","27.05"
"2024/08/22","27.13","27.82","28.61","27.13"
"2024/08/23","25.38","27.79","27.89","25.38"
"2024/08/26","25.43","26.95","27.36","24.35"
"2024/08/27","23.65","24.69","24.90","23.25"
"2024/08/28","22.47","23.45","23.73","22.47"
"2024/08/29","22.70","23.03","23.61","21.54"
"2024/08/30","21.32","21.77","22.43","20.78"
"2024/09/02","21.53","21.50","22.56","21.26"
"2024/09/03","20.86","21.73","23.14","20.86"
"2024/09/04","27.05","28.48","33.28","26.60"
"2024/09/05","29.09","29.74","40.84","27.91"
"2024/09/06","29.07","28.15","29.42","28.09"
"2024/09/09","28.72","41.11","41.43","28.72"
"2024/09/10","28.13","28.36","29.15","27.32"
"2024/09/11","28.33","27.12","36.21","27.06"
"2024/09/12","26.73","26.53","27.23","26.08"
"2024/09/13","28.82","30.60","31.79","28.82"
"2024/09/17","27.81","29.23","32.46","27.81"
"2024/09/18","27.14","29.37","30.71","27.14"
"2024/09/19","25.73","27.41","28.93","24.89"
"2024/09/20","24.33","26.52","28.03","24.33"
"2024/09/24","26.62","27.14","29.48","26.41"
"2024/09/25","24.77","27.54","28.36","24.77"
"2024/09/26","26.01","25.85","27.85","25.58"
"2024/09/27","26.51","27.92","28.61","26.33"
"2024/09/30","28.23","29.42","32.31","28.23"
"2024/10/01","24.75","28.64","30.47","24.75"
"2024/10/02","27.85","27.54","33.64","27.50"
"2024/10/03","26.70","29.63","32.38","26.70"
"2024/10/04","25.09","32.84","33.01","25.09"
"2024/10/07","30.19","29.90","32.89","29.89"
"2024/10/08","33.54","30.67","33.97","30.29"
"2024/10/09","32.08","32.32","32.50","31.72"
"2024/10/10","28.67","28.87","30.38","28.15"
"2024/10/11","28.67","27.77","29.85","27.77"
"2024/10/15","27.14","28.25","28.62","27.14"
"2024/10/16","27.30","30.05","30.30","27.30"
"2024/10/17","26.55","29.17","29.69","26.55"
"2024/10/18","26.43","28.51","29.07","26.43"
"2024/10/21","26.24","28.87","29.78","26.24"
"2024/10/22","27.22","29.31","32.17","25.55"
"2024/10/23","27.80","31.09","32.83","27.80"
"2024/10/24","27.80","33.26","33.48","27.80"
"2024/10/25","32.14","32.39","33.62","32.14"
"2024/10/28","25.86","31.32","31.36","25.86"
"2024/10/29","29.44","30.06","30.41","25.81"
"2024/10/30","25.97","28.85","29.12","25.97"
"2024/10/31","25.75","29.23","29.84","25.75"
"2024/11/01","26.03","31.02","32.20","26.03"
"2024/11/05","27.15","31.00","31.76","26.54"
"2024/11/06","23.09","32.36","32.36","23.09"
"2024/11/07","27.52","27.47","29.02","26.11"
"2024/11/08","26.04","24.98","26.04","24.06"
"2024/11/11","23.71","23.31","23.76","22.83"
"2024/11/12","23.08","22.20","23.62","21.67"
"2024/11/13","24.79","22.99","25.59","21.69"
"2024/11/14","24.38","23.42","24.87","23.16"
"2024/11/15","23.22","23.96","24.50","23.01"
"2024/11/18","26.12","26.04","26.69","25.50"
"2024/11/19","24.65","25.76","25.88","24.65"
"2024/11/20","23.42","25.96","26.51","23.42"
"2024/11/21","26.15","25.05","27.10","24.32"
"2024/11/22","23.64","25.58","26.10","23.38"
"2024/11/25","20.85","23.07","24.24","20.85"
"2024/11/26","20.77","24.32","26.04","20.77"
"2024/11/27","22.95","24.32","25.54","22.95"
"2024/11/28","24.07","25.21","25.42","22.09"
"2024/11/29","22.31","23.44","24.68","22.31"
"2024/12/02","18.72","22.93","23.89","18.72"
"2024/12/03","22.84","22.89","23.45","21.23"
"2024/12/04","21.27","23.13","23.20","21.27"
"2024/12/05","22.23","21.62","22.62","21.58"
"2024/12/06","22.92","20.47","23.37","20.23"
"2024/12/09","21.43","21.38","23.43","21.35"
"2024/12/10","22.56","22.09","22.72","22.09"
"2024/12/11","22.40","22.59","22.80","22.16"
"2024/12/12","21.97","21.48","22.23","20.29"
"2024/12/13","21.63","22.24","23.14","20.87"
"2024/12/16","19.96","21.28","21.40","19.96"
"2024/12/17","19.57","20.16","21.41","19.57"
"2024/12/18","21.12","21.04","21.73","20.66"
"2024/12/19","23.90","25.47","25.51","23.10"
"2024/12/20","23.18","22.24","24.15","21.53"
"2024/12/23","21.84","23.24","23.42","20.37"
"2024/12/24","18.31","21.60","21.88","18.31"
"2024/12/25","21.04","20.06","21.83","20.03"
"2024/12/26","20.65","21.21","21.26","19.00"
"2024/12/27","20.80","19.51","21.00","19.43"
"2024/12/30","21.79","21.58","22.17","21.26"
"2025/01/06","22.78","21.69","22.87","21.47"
"2025/01/07","21.79","21.20","22.18","21.07"
"2025/01/08","24.31","24.35","24.79","22.45"
"2025/01/09","24.82","23.85","24.82","22.47"
"2025/01/10","21.74","22.47","22.80","21.09"
"2025/01/14","24.30","22.84","24.77","22.69"
"2025/01/15","23.88","23.03","24.29","22.92"
"2025/01/16","22.60","22.54","23.02","21.96"
"2025/01/17","22.62","22.97","24.02","22.31"
"2025/01/20","21.81","22.20","22.53","21.81"
"2025/01/21","21.50","21.63","23.46","21.41"
"2025/01/22","21.00","21.08","21.34","20.80"
"2025/01/23","20.64","20.45","20.83","20.09"
"2025/01/24","19.99","20.78","20.78","19.40"
"2025/01/27","22.21","20.45","22.78","20.32"
"2025/01/28","23.83","24.06","24.60","23.03"
"2025/01/29","21.93","22.22","22.50","21.57"
"2025/01/30","21.00","21.84","21.92","19.79"
"2025/01/31","20.48","19.58","21.20","19.57"
"2025/02/03","24.63","24.47","25.35","23.65"
"2025/02/04","23.20","21.92","24.42","21.91"
"2025/02/05","22.72","22.37","22.98","22.19"
"2025/02/06","21.63","22.01","22.03","21.21"
"2025/02/07","21.69","21.64","21.98","21.34"
"2025/02/10","21.75","22.14","22.31","21.27"
"2025/02/12","21.01","20.94","21.23","20.71"
"2025/02/13","20.02","20.27","20.40","19.77"
"2025/02/14","21.11","20.34","21.35","20.32"
"2025/02/17","20.53","20.97","21.10","20.44"
"2025/02/18","20.00","20.24","20.36","19.78"
"2025/02/19","19.83","20.00","20.18","19.54"
"2025/02/20","21.00","20.22","21.73","20.02"
"2025/02/21","21.06","21.57","21.80","20.61"
"2025/02/25","23.63","24.60","24.75","22.76"
"2025/02/26","25.24","25.24","26.86","24.39"
"2025/02/27","22.93","23.18","23.67","22.36"
"2025/02/28","27.32","25.61","29.83","25.38"
"2025/03/03","25.28","25.17","25.57","24.23"
"2025/03/04","27.20","27.85","31.60","26.83"
"2025/03/05","26.57","27.05","27.55","25.65"
"2025/03/06","25.19","25.76","25.76","24.46"
"2025/03/07","28.16","28.16","28.87","26.87"
"2025/03/10","28.28","27.95","28.90","27.23"
"2025/03/11","29.14","30.62","32.59","28.72"
"2025/03/12","27.79","28.27","28.28","27.34"
"2025/03/13","26.91","25.84","26.91","25.09"
"2025/03/14","24.77","26.62","26.89","24.66"
"2025/03/17","23.80","23.35","23.84","23.19"
"2025/03/18","22.84","22.36","22.84","22.10"
"2025/03/19","22.58","22.67","22.84","21.86"
"2025/03/21","21.54","21.74","21.78","21.00"
"2025/03/24","21.86","21.58","21.87","21.34"
"2025/03/25","21.53","20.81","21.72","20.66"
"2025/03/26","20.98","20.63","21.14","20.58"
"2025/03/27","21.86","21.98","22.19","21.45"
"2025/03/28","22.35","21.65","23.00","21.63"
"2025/03/31","28.15","26.18","29.46","26.18"
"2025/04/01","27.84","26.88","27.97","25.94"
"2025/04/02","27.34","27.09","28.38","26.66"
"2025/04/03","31.03","36.90","38.23","29.98"
"2025/04/04","35.58","33.54","39.33","31.86"
"2025/04/07","58.39","54.23","59.64","50.47"
"2025/04/08","46.99","46.95","48.95","44.07"
"2025/04/09","56.61","51.62","62.46","51.36"
"2025/04/10","39.25","35.57","40.55","34.08"
"2025/04/11","44.36","48.96","51.79","43.02"
"2025/04/14","38.91","40.12","40.12","38.05"
"2025/04/15","34.45","35.97","35.97","33.95"
"2025/04/16","35.20","33.66","36.22","33.04"
"2025/04/17","32.10","35.43","35.51","31.49"
"2025/04/18","31.42","31.59","32.23","30.78"
"2025/04/21","33.85","32.64","34.36","32.03"
"2025/04/22","33.64","35.00","35.00","33.06"
"2025/04/23","29.88","29.26","30.22","28.94"
"2025/04/24","30.06","29.09","30.68","28.75"
"2025/04/25","28.84","28.77","29.23","28.37"
"2025/04/28","28.81","28.76","29.26","28.25"
"2025/04/30","27.23","27.38","27.97","26.91"
"2025/05/01","26.25","27.38","27.52","25.94"
"2025/05/02","26.74","26.12","27.14","25.87"
"2025/05/07","29.85","29.52","30.43","27.12"
"2025/05/08","28.13","27.82","29.12","27.60"
"2025/05/09","24.58","24.59","25.01","24.38"
"2025/05/12","24.18","24.23","24.69","23.95"
"2025/05/13","22.10","22.88","22.89","21.83"
"2025/05/14","21.85","21.25","22.42","21.08"
"2025/05/15","22.72","22.38","23.03","22.03"
"2025/05/16","22.94","22.96","23.29","22.63"
"2025/05/19","24.03","24.26","24.34","23.75"
"2025/05/20","24.21","24.12","24.40","23.67"
"2025/05/21","23.53","24.17","24.23","23.17"
"2025/05/22","25.40","24.65","26.19","24.27"
"2025/05/23","24.48","24.16","24.53","23.69"
"2025/05/26","24.41","24.95","25.36","24.25"
"2025/05/27","24.15","24.42","24.45","23.61"
"2025/05/28","23.20","23.00","23.46","22.79"
"2025/05/29","23.39","23.19","23.53","23.01"
"2025/05/30","23.74","23.83","24.02","23.46"
"2025/06/02","25.09","24.58","25.50","24.42"
"2025/06/03","24.57","24.58","24.77","24.23"
"2025/06/04","23.40","23.53","23.59","23.07"
"2025/06/05","23.52","23.45","23.63","22.73"
"2025/06/06","23.56","23.32","23.63","23.06"
"2025/06/09","22.78","22.85","23.24","22.57"
"2025/06/10","22.95","22.68","23.12","22.45"
"2025/06/11","22.80","22.93","23.10","22.58"
"2025/06/12","23.52","23.00","24.13","22.72"
"2025/06/13","27.44","24.55","32.10","24.54"
"2025/06/16","25.21","25.76","25.80","24.72"
"2025/06/17","24.64","24.71","25.06","24.44"
"2025/06/18","24.91","25.19","25.23","24.25"
"2025/06/19","25.20","24.35","25.36","24.35"
"2025/06/20","25.60","25.30","25.78","24.89"
"2025/06/23","26.60","27.22","28.60","26.17"
"2025/06/24","23.92","24.11","24.26","23.61"
"2025/06/25","23.29","23.56","23.87","21.71"
"2025/06/26","23.12","22.72","23.12","22.56"
"2025/06/27","23.29","22.96","23.56","22.93"
"2025/06/30","24.59","24.69","25.34","24.40"
"2025/07/01","24.25","24.26","24.33","23.93"
"2025/07/02","25.41","25.74","25.95","24.95"
"2025/07/03","25.83","25.58","25.96","25.39"
"2025/07/04","26.67","25.97","27.08","25.97"
"2025/07/07","27.37","27.97","28.16","27.06"
"2025/07/08","25.52","26.88","26.90","24.96"
"2025/07/09","23.60","24.24","24.46","23.40"
"2025/07/10","22.69","23.32","23.96","22.69"
"2025/07/11","22.88","22.03","23.63","21.95"
"2025/07/14","23.96","24.00","24.25","23.62"
"2025/07/15","23.55","23.92","24.20","23.23"
"2025/07/16","24.27","23.79","24.62","23.79"
"2025/07/17","24.35","24.82","25.08","24.15"
"2025/07/18","24.75","24.56","25.43","24.42"
"2025/07/22","22.92","23.98","24.12","22.15"
"2025/07/23","22.73","22.00","23.28","21.76"
"2025/07/24","23.10","22.56","23.53","22.25"
"2025/07/25","22.17","22.57","22.59","22.15"
"2025/07/28","22.85","22.47","23.10","22.42"
"2025/07/29","22.71","22.59","22.93","22.44"
"2025/07/30","23.04","22.24","23.20","22.24"
"2025/07/31","22.45","22.80","22.95","22.35"
"2025/08/01","23.29","23.07","23.58","22.88"
"2025/08/04","26.18","27.85","28.21","25.58"
"2025/08/05","23.66","24.08","24.26","23.36"
"2025/08/06","26.41","26.63","27.58","25.85"
"2025/08/07","25.15","26.09","26.30","22.81"
"2025/08/08","24.70","22.15","24.70","21.96"
"2025/08/12","24.66","22.93","24.94","22.93"
"2025/08/13","24.50","25.20","25.27","23.76"
"2025/08/14","24.56","24.45","24.83","23.99"
"2025/08/15","24.61","24.06","24.70","23.81"
"2025/08/18","24.85","24.97","25.34","24.73"
"2025/08/19","24.22","24.23","24.75","24.03"
"2025/08/20","25.15","24.63","25.78","24.63"
"2025/08/21","25.06","25.18","25.29","24.64"
"2025/08/22","25.11","24.88","25.82","24.75"
"2025/08/25","24.25","24.00","24.72","23.88"
"2025/08/26","24.03","23.83","25.35","23.73"
"2025/08/27","23.49","23.70","24.26","23.00"
"2025/08/28","22.78","23.21","23.24","22.52"
"2025/08/29","22.27","22.75","22.87","22.13"
"2025/09/01","24.22","23.74","25.02","23.00"
"2025/09/02","23.70","23.74","24.01","23.36"
"2025/09/03","24.72","24.38","24.99","23.71"
"2025/09/04","23.87","23.92","23.92","23.10"
"2025/09/05","24.32","23.31","24.40","23.13"
"2025/09/08","25.07","25.47","25.59","24.80"
"2025/09/09","24.60","24.58","24.85","24.24"
"2025/09/10","24.35","24.09","24.35","23.88"
"2025/09/11","24.54","23.98","24.95","23.77"
"2025/09/12","24.44","24.93","24.93","24.26"
"2025/09/16","24.13","24.33","24.43","23.83"
"2025/09/17","24.17","23.77","24.41","23.63"
"2025/09/18","24.11","23.60","24.11","23.38"
"2025/09/19","24.05","23.95","25.53","21.94"
"2025/09/22","24.47","23.34","24.60","23.09"
"2025/09/24","24.42","24.28","24.90","24.24"
"2025/09/25","24.10","24.09","24.34","23.97"
"2025/09/26","25.99","24.47","26.43","24.41"
"2025/09/29","25.58","26.09","26.46","25.17"
"2025/09/30","25.24","25.32","25.72","24.97"
"2025/10/01","25.66","25.17","26.27","25.14"
"2025/10/02","25.29","24.91","25.86","24.75"
"2025/10/03","24.84","25.25","25.25","24.59"
"2025/10/06","27.72","27.30","27.82","20.87"
"2025/10/07","26.96","27.82","27.91","26.88"
"2025/10/08","28.78","28.85","28.98","26.18"
"2025/10/09","30.13","28.10","30.13","25.85"
"2025/10/10","30.11","26.58","32.48","26.53"
"2025/10/14","32.81","32.56","34.31","28.15"
"2025/10/15","31.36","31.51","32.17","30.17"
"2025/10/16","30.77","30.45","30.97","30.23"
"2025/10/17","35.53","33.59","37.50","33.21"
"2025/10/20","30.04","31.45","31.84","29.07"
"2025/10/21","30.06","30.24","30.82","29.82"
"2025/10/22","29.45","29.64","30.91","25.65"
"2025/10/23","27.42","30.56","31.20","27.42"
"2025/10/24","25.44","29.02","29.22","25.44"
"2025/10/27","28.68","28.51","29.24","28.18"
"2025/10/28","27.33","28.80","28.85","27.33"
"2025/10/29","29.51","28.07","30.26","27.00"
"2025/10/30","29.35","30.56","31.13","28.72"
"2025/10/31","28.22","29.81","32.21","28.22"
"2025/11/04","32.66","31.77","34.21","26.41"
"2025/11/05","36.61","34.48","41.46","22.97"
"2025/11/06","33.63","34.37","35.29","33.50"
"2025/11/07","35.51","36.05","37.36","34.65"
"2025/11/10","33.72","34.38","34.79","32.95"
"2025/11/11","32.06","32.02","32.24","30.86"
"2025/11/12","28.90","30.30","30.64","28.14"
"2025/11/13","27.49","27.92","28.79","26.73"
"2025/11/14","31.23","31.30","32.00","29.39"
"2025/11/17","28.54","31.26","32.32","28.54"
"2025/11/18","35.28","31.45","36.38","29.06"
"2025/11/19","36.56","34.61","38.13","34.48"
"2025/11/20","29.83","32.53","35.07","27.72"
"2025/11/21","37.25","40.49","41.01","31.95"
"2025/11/25","37.21","36.35","37.84","35.58"
"2025/11/26","33.26","34.67","34.67","31.14"
"2025/11/27","29.76","31.64","31.64","28.71"
"2025/11/28","27.61","28.45","28.55","25.93"
"2025/12/01","30.08","27.65","30.52","27.61"
"2025/12/02","28.61","28.77","29.09","27.43"
"2025/12/03","27.70","27.49","27.86","26.97"
"2025/12/04","28.12","27.67","28.38","27.57"
"2025/12/05","28.32","28.94","29.04","27.75"
"2025/12/08","28.35","28.03","29.41","27.86"
"2025/12/09","28.04","28.01","28.32","27.00"
"2025/12/10","28.02","28.15","29.00","27.83"
"2025/12/11","27.26","26.79","28.29","26.06"
"2025/12/12","26.69","27.06","27.12","26.32"
"2025/12/15","28.77","29.73","29.73","28.28"
"2025/12/16","29.85","28.61","30.30","28.61"
"2025/12/17","28.34","29.92","30.76","28.34"
"2025/12/18","27.97","30.60","30.99","27.80"
"2025/12/19","27.31","27.76","27.93","25.85"
"2025/12/22","25.36","25.66","25.86","25.07"
"2025/12/23","22.30","24.25","24.25","22.30"
"2025/12/24","22.38","22.23","22.52","21.99"
"2025/12/25","18.77","22.43","22.43","18.77"
"2025/12/26","21.77","22.30","22.51","21.77"
"2025/12/29","23.67","23.12","23.93","22.95"
"2025/12/30","23.77","23.96","24.23","22.10"
"2026/01/05","25.33","25.55","25.97","24.09"
"2026/01/06","26.62","25.56","26.76","25.56"
"2026/01/07","30.99","31.14","31.22","27.56"
"2026/01/08","30.47","30.52","30.75","26.99"
"2026/01/09","26.37","26.21","26.40","25.36"
"2026/01/13","28.85","28.47","28.90","28.10"
"2026/01/14","29.70","29.13","30.10","28.80"
"2026/01/15","30.25","30.20","30.66","29.71"
"2026/01/16","30.03","30.23","30.50","29.01"
"2026/01/19","29.65","31.90","32.64","29.65"
"2026/01/20","32.84","31.35","33.73","31.35"
"2026/01/21","34.29","35.52","35.52","33.37"
"2026/01/22","29.61","31.81","32.68","25.90"
"2026/01/23","31.66","32.72","33.18","31.14"
"2026/01/26","34.57","34.67","35.11","32.93"
"2026/01/27","34.14","34.64","34.93","33.44"
"2026/01/28","34.33","34.17","35.06","33.27"
"2026/01/29","33.20","34.45","35.29","33.20"
"2026/01/30","34.74","34.34","35.75","33.30"
"2026/02/02","36.32","35.23","38.03","35.05"
"2026/02/03","35.83","35.30","36.20","29.38"
"2026/02/04","35.80","36.30","36.30","35.00"
"2026/02/05","36.16","35.37","37.24","34.29"
"2026/02/06","39.03","37.93","40.11","37.05"
"2026/02/09","35.82","31.85","38.71","27.28"
"2026/02/10","35.77","35.37","36.10","33.62"
"2026/02/12","34.10","35.40","35.57","33.70"
"2026/02/13","34.21","33.65","34.88","33.20"
"2026/02/16","31.03","33.33","34.10","31.03"
"2026/02/17","29.82","32.08","32.47","29.82"
"2026/02/18","27.89","31.40","31.40","27.89"
"2026/02/19","29.07","29.80","29.84","29.07"
"2026/02/20","26.76","30.08","30.73","26.76"
"2026/02/24","30.80","31.57","31.57","30.40"
"2026/02/25","26.89","30.46","31.06","26.52"
"2026/02/26","31.21","31.58","31.65","30.30"
"2026/02/27","27.33","31.31","31.66","27.33"
"2026/03/02","34.99","35.26","36.81","25.15"
"2026/03/03","29.98","34.88","39.65","24.92"
"2026/03/04","53.05","44.61","64.21","33.66"
"2026/03/05","32.07","41.44","49.09","30.20"
"2026/03/06","41.05","47.04","48.60","39.73"
"2026/03/09","57.00","58.69","66.65","33.81"
"2026/03/10","32.55","46.81","48.02","32.55"
"2026/03/11","42.94","42.81","44.39","40.26"
"2026/03/12","44.37","44.96","46.28","42.65"
"2026/03/13","45.80","46.17","48.94","42.96"
"2026/03/16","42.50","44.94","45.95","40.79"
"2026/03/17","33.00","38.57","39.39","33.00"
"2026/03/18","32.44","36.81","37.01","31.86"
"2026/03/19","35.07","41.85","43.98","34.80"
"2026/03/23","40.93","49.52","53.61","40.93"
"2026/03/24","36.35","44.84","49.67","36.35"
"2026/03/25","37.66","44.68","44.74","33.22"
"2026/03/26","44.48","43.69","46.11","43.36"
"2026/03/27","33.32","46.56","48.52","33.32"
"2026/03/30","49.45","52.83","53.89","48.58"
"2026/03/31","48.09","49.68","50.64","33.55"
"2026/04/01","26.43","42.42","43.38","26.43"
"2026/04/02","42.35","38.45","42.35","27.55"
"2026/04/03","27.17","38.27","38.65","27.17"
"2026/04/06","38.60","38.17","39.30","37.67"
"2026/04/07","39.75","37.76","40.28","37.73"
"2026/04/08","36.09","36.20","36.71","30.14"
"2026/04/09","33.85","34.42","34.68","33.49"
"2026/04/10","32.61","33.05","33.10","32.22"
"2026/04/13","32.03","33.82","34.43","32.03"
"2026/04/14","29.32","32.11","32.11","29.32"
"2026/04/15","27.46","30.70","31.29","27.46"
"2026/04/16","28.58","30.53","31.44","28.58"
"2026/04/17","28.40","31.13","32.11","28.40"
"2026/04/20","32.89","30.77","33.68","30.77"
"2026/04/21","29.97","33.12","33.42","29.97"
"2026/04/22","29.73","31.63","32.59","29.73"
"2026/04/23","27.12","32.18","34.08","27.12"
"2026/04/24","29.59","33.04","33.04","29.23"
"2026/04/27","29.55","30.53","32.59","29.04"
"2026/04/28","31.71","30.87","31.71","27.29"
"2026/04/30","28.58","32.00","32.34","25.91"
"2026/05/01","39.79","34.95","39.79","26.89"
"2026/05/07","37.64","31.63","37.64","31.11"
"2026/05/08","34.16","30.72","34.90","27.93"
"2026/05/11","31.75","31.05","31.75","29.68"
"2026/05/12","31.85","30.93","31.85","30.28"
"2026/05/13","31.22","31.48","31.59","30.77"
"2026/05/14","29.67","30.51","30.70","29.67"
"2026/05/15","29.71","29.56","33.56","29.29"
"2026/05/18","30.79","32.62","34.82","30.79"
"2026/05/19","30.94","32.06","33.69","30.94"
"2026/05/20","29.96","33.89","36.09","29.96"
"2026/05/21","27.98","31.63","32.41","27.98"
"2026/05/22","28.35","31.30","32.62","28.35"
"2026/05/25","29.70","32.61","33.50","27.89"
"2026/05/26","29.36","33.18","33.88","29.36"
"2026/05/27","31.14","31.64","33.39","31.14"
"2026/05/28","26.95","32.25","34.27","26.95"
"2026/05/29","26.04","32.26","33.17","26.04"
"2026/06/01","28.54","33.39","33.42","28.54"
"2026/06/02","33.68","32.07","34.30","21.29"
"2026/06/03","29.31","31.75","32.71","29.31"
"2026/06/04","29.46","32.79","33.60","29.46"
"2026/06/05","28.37","32.75","34.25","28.37"
"2026/06/08","32.46","33.67","42.15","32.14"
"2026/06/09","32.65","35.86","37.17","32.65"
"2026/06/10","38.01","37.56","39.74","36.80"
"2026/06/11","38.22","39.24","41.26","37.45"
"2026/06/12","37.28","33.52","39.49","33.52"
"2026/06/15","34.78","37.79","37.86","34.78"
"2026/06/16","31.09","34.62","34.85","31.09"
"2026/06/17","29.11","33.41","33.41","29.11"
"2026/06/18","30.53","31.82","33.25","30.53"
"2026/06/19","29.94","33.37","34.59","29.94"
"2026/06/22","29.43","33.95","35.81","29.43"
"2026/06/23","31.34","35.02","41.56","31.34"
"2026/06/24","39.69","40.00","41.60","37.98"
"2026/06/25","30.77","36.64","38.69","30.77"
"2026/06/26","33.12","38.24","45.61","33.12"
"2026/06/29","43.36","43.98","46.91","41.38"
"2026/06/30","38.30","39.09","40.86","37.23"
"2026/07/01","33.78","37.78","39.52","33.78"
"2026/07/02","24.74","38.82","40.42","24.74"
"2026/07/03","34.11","39.20","39.51","34.11"
"2026/07/06","37.36","36.97","38.32","36.86"
"2026/07/07","29.70","36.24","37.47","29.70"
"2026/07/08","43.65","38.76","45.25","36.97"
"2026/07/09","43.82","44.18","44.30","38.02"
"2026/07/10","38.13","38.94","38.94","33.29"
"2026/07/13","37.23","33.06","37.23","32.78"
"2026/07/14","35.39","35.36","36.09","34.14"
"2026/07/15","32.00","32.90","33.24","32.00"
"2026/07/16","32.27","33.47","34.08","32.27"
"2026/07/17","36.86","34.93","42.95","34.21"
"2026/07/21","33.07","39.52","40.49","33.07"
"本資料は日経の著作物であり、本資料の全部又は一部を、いかなる形式によっても日経に無断で複写、複製、転載または流布することができません。"
